label,sequence,length,mean_gscore,gscores
ACTR,GTQNRPLLRNSLDDLVGPPSNLEGQSDERALLDQLHTLLSNTDATGLEEIDRALGIPELVNQGQALEPKQD,71,0.7703613723990135,"[NaN, NaN, NaN, 0.8925210927195167, 0.8538768849536276, 0.857158448279372, 0.8243723561230037, 0.848905666642539, 0.8416397360477869, 0.9011744836831178, 0.8299786353599777, 0.7748578447022219, 0.7495466919783172, 0.8063353061919667, 0.8648147622854886, 0.864743652510623, 0.8740194251020527, 0.935423413966044, 0.9773173843797672, 0.9815595672632058, 0.9705766257009231, 0.9781281817454465, 0.9697768083208861, 0.9537455880469545, 0.9428924655266187, 0.9074794812982431, 0.5882841974916534, 0.3882125436964011, 0.2132566851490278, 0.1808213248009518, 0.15494519113435304, 0.2181190838290447, 0.31457486719661665, 0.39787568246754756, 0.3302333420527099, 0.361706889931706, 0.45017604138424544, 0.7000636305338096, 0.8634076550333498, 0.938604328201155, 0.9481205925382163, 0.9531882155618088, 0.9578663011304815, 0.86569936692534, 0.8096495704265205, 0.8144857048477047, 0.8636272773193058, 0.8620634622966518, 0.8153885275080149, 0.7277283434673919, 0.7021481948878373, 0.6484782293130088, 0.6604963396525297, 0.6772277528988992, 0.7325910780369971, 0.861620924105897, 0.8853915045411697, 0.8848725373088457, 0.9071295091766414, 0.9398313656022451, 0.9612222380039768, 0.9657481960949821, 0.9644506701560349, 0.9348678047696605, 0.9375254015347647, 0.9302043671689036, 0.878224853601185, 0.7531974647360833, 0.6463707984732636, 0.6236693929192708, NaN]"
ANAC046,NAPSTTITTTKQLSRIDSLDNIDHLLDFSSLPPLIDPGFLGQPGPSFSGARQQHDLKPVLHHPTTAPVDNTYLPTQALNFPYHSVHNSGSDFGYGAGSGNNNKGMIKLEHSLVSVSQETGLSSDVNTTATPEISSYPMMMNPAMMDGSKSACDGLDDLIFWEDLYTS,167,0.8139295812393991,"[NaN, NaN, 0.8851075618787823, 0.9138070380773018, 0.9090973883662151, 0.8787001104138409, 0.8443852664318802, 0.8862887775730062, 0.9346832540281564, 0.9774141080495367, 0.9578602994479254, 0.5999002956313488, 0.5661852246987698, 0.5810651614346098, 0.8079875725535562, 0.8484353205234125, 0.8174510668909728, 0.8392616737282614, 0.8604456087057476, 0.8979309845342138, 0.9245631808221214, 0.8856145978738772, 0.7809991066917258, 0.7185168754171274, 0.6016242894654551, 0.6489753686052169, 0.5194649108702188, 0.5953818389048865, 0.6043015114728546, 0.7201181070075395, 0.760563724047097, 0.6407216891628799, 0.7716077479789103, 0.7807075832906007, 0.7363052844090946, 0.6860356394557618, 0.6613633405677886, 0.7935572733073293, 0.8472624754774947, 0.8283179764525976, 0.7883029946268342, 0.7593236944482732, 0.7433620976627779, 0.8409276209852729, 0.8800345033706318, 0.9335504886835645, 0.9232053865016959, 0.8281265685399538, 0.8331820626735619, 0.8570917702578879, 0.9286570739748625, 0.950275106966573, 0.9059577048290918, 0.8730440497414507, 0.9307760033482008, 0.9255876596180194, 0.8925432014818193, 0.8341971426530665, 0.7252863604593578, 0.7554702625403262, 0.7178627849029001, 0.8870694252565152, 0.9637194692426568, 0.9721703541553074, 0.8146598428430197, 0.7641161023666597, 0.7449310788184604, 0.9553858266597886, 0.8593578286364241, 0.7341142533025421, 0.731123334877988, 0.7786709791034353, 0.9176208569087689, 0.8053012410132845, 0.6971635308060907, 0.7284708236465004, 0.5864250128936194, 0.4516206861842605, 0.17267624380184432, 0.10139566294442377, 0.0, NaN, NaN, NaN, NaN, 0.5383575206948197, 0.7405822215461008, 0.7911659659983934, 0.9356393506429383, 0.9307350975055048, 0.8658391866739154, 0.8584593032872792, 0.8662222385132852, 0.9138466544703963, 0.9220600083469908, 0.9509673724034755, 0.9478547071045208, 0.9473821757890619, 0.9373707602209692, 0.9404592618906497, 0.9546981482881843, 0.9710204603711065, 0.9770610614794364, 0.9492270801294309, 0.8959366916645891, 0.8570832801632438, 0.7816133919237879, 0.778327936150495, 0.7920372520529537, 0.8974159642987419, 0.9381397793097228, 0.9654835444420704, 0.9730815441683938, 0.9382314519596588, 0.9313789493558882, 0.9071457287792128, 0.9076955356756901, 0.8863350406379827, 0.9111136900663255, 0.790378398070053, 0.8057048111402675, 0.796637922066854, 0.9372607561911105, 0.944117606026784, 0.9459252535298913, 0.9521544001728913, 0.9307486085828468, 0.930481960148069, 0.8255570731443047, 0.8166751016790498, 0.7840232777851894, 0.9401593416767128, 0.9395417511442657, 0.935717430050248, 0.9387162432447997, 0.9284410806314458, 0.8164221586992397, 0.6440834981773866, 0.6377362043895712, 0.7680975922377312, 0.7680975922377312, 0.5537432472175295, 0.3700129639585855, 0.32788668145907485, 0.5304483893980554, 0.6581749976528345, 0.8499245879037831, 0.7430454048415294, 0.7937865649690463, 0.8392065757447223, 0.9293415915775705, 0.9089763238371861, 0.9181103569721598, 0.9330581323659132, 0.9491542167925641, 0.9490886121512329, 0.9392789827306842, 0.9165537096186462, 0.8920022898607304, 0.8360851695321039, 0.8314887387101124, 0.8718953135113645, 0.9084768928141478, 0.9258022260622647, 0.8769459314934965, 0.8948323541210484, NaN]"
Ab40,DAEFRHDSGYEVHHQKLVFFAEDVGSNKGAIIGLMVGGVV,40,0.7844353788735808,"[NaN, 0.46227058788166914, 0.4782479957207487, 0.501431104455926, 0.6252609348598166, 0.7621953794669573, 0.8308047744991623, 0.8100027531340976, 0.8524220681933447, 0.8790433806381139, 0.8494652713556541, 0.7821165937141605, 0.7728962784800034, 0.8259975123797697, 0.8744667298408199, 0.8918076385305039, 0.7716985661593647, 0.6123851442539566, 0.5444818823612662, 0.6310749354016228, 0.7764768971867018, 0.8528458371961659, 0.7988823581071807, 0.8082572769919948, 0.8358521766541125, 0.9059116973827719, 0.887869508389251, 0.8930873092726426, 0.8905411558164686, 0.9150869866087261, 0.8348541193129675, 0.8477008605230031, 0.820396561387686, 0.8319668441759198, 0.7822040123469833, 0.771807790036898, 0.8279685122707836, 0.8802976364015827, 0.8884673258072768, NaN]"
ERNTD,MTMTLHTKASGMALLHQIQGNELEPLNRPQLKIPLERPLGEVYLDSSKPAVYNYPEGAAYEFNAAAAANAQVYGQTGLPYGPGSEAAAFGSNGLGGFPPLNSVSPSPLMLLHPPPQLSPFLQPHGQQVPYYLENEPSGYTVREAGPPAFYRPNSDNRRQGGRERLASTNDKGSMAMESAKETRY,184,0.8022131158724773,"[NaN, 0.5411328826038303, 0.5085147299011984, 0.5875696549473947, 0.6255624203615424, 0.7887577771856065, 0.8499726043686935, 0.8909383011623581, 0.8907014790536854, 0.9436308287901736, 0.9020278948805027, 0.8412281342789785, 0.8215969959230426, 0.8353559866966735, 0.8503072406991853, 0.8429644476385847, 0.8707576878967878, 0.8897458153272999, 0.9309650171683324, 0.9202070074224347, 0.914618141157916, 0.9133413074015058, 0.9176546707609474, 0.9292970317691758, 0.8990714821713343, 0.9064238193243627, 0.7211323854364501, 0.711332973847224, 0.6679234445327796, 0.7865466673838621, 0.7649549550038596, 0.7267834381966443, 0.7651733771407676, 0.8302979304437337, 0.9141896339507501, 0.8755428423243629, 0.8680707094890893, 0.8791735132104177, 0.9110010316677024, 0.9043901428109838, 0.904922483997625, 0.844040676448404, 0.8032379271687095, 0.7707338428948007, 0.6124777219039034, 0.6325754775853214, 0.5209715946098056, 0.6965745362513078, 0.7532000705283907, 0.8376508619060044, 0.6553796217234897, 0.612739214646438, 0.6514041890349881, 0.7887302951053122, 0.4978871797334756, 0.5102978756672311, 0.5833514916314902, 0.9258910247611369, 0.9265783218251248, 0.9038710432797087, 0.8153160777704817, 0.7225802506682499, 0.47524302543694485, 0.3243364632325113, 0.20274596334651973, 0.21873491983753438, 0.24341053588433326, 0.38465284429795804, 0.518200271525253, 0.7182195330607675, 0.7483358900678634, 0.8409621379183804, 0.8559762164999601, 0.9257259432564265, 0.8361838676796987, 0.8478566940367086, 0.8165941035267509, 0.8715924712547606, 0.7379889414330744, 0.693460050667943, 0.7170706990729419, 0.7518013521601422, 0.7606306575253865, 0.6830134186952381, 0.7254378375160615, 0.7355144548177043, 0.829496019057202, 0.8712608470511919, 0.8914949092134612, 0.9151127518304681, 0.8934313163192612, 0.9164652374126877, 0.9186093057720597, 0.9418664094493934, 0.8877669210147361, 0.6471246225362101, 0.526934722678518, 0.549244194945707, 0.9101799106208311, 0.8939730535169137, 0.8665769159569088, 0.8680237482767461, 0.7322336056097315, 0.479547931215334, 0.3399742424777304, 0.3838413496405115, 0.6718785350528611, 0.8462809884185889, 0.8476941694696143, 0.7326392275014832, 0.6638654038235839, 0.6048000172111901, 0.6950223732636124, 0.9766013224457334, 0.8970636001648906, 0.8898912602555115, 0.8943007536919352, 0.9341070589272555, 0.8872259453302175, 0.8400457325144581, 0.8228809695002992, 0.881644389881549, 0.5626035446995663, 0.5686752733997662, 0.6146187642100805, 0.9177372708269338, 0.9167378956368621, 0.9072493124516201, 0.9517263738648762, 0.9377204744768174, 0.7868584034502782, 0.7744016692746791, 0.7715292783207564, 0.8804516675795245, 0.8721730085471487, 0.9205459058094035, 0.9862781907891774, 0.9698283111167104, 0.8778526512288346, 0.835431736851284, 0.8253854198308509, 0.8701754977920831, 0.8960802163769575, 0.8937039028120862, 0.9058602215386554, 0.938379030982662, 0.9719675912596727, 0.9352027056202913, 0.8902359109145422, 0.7777559757165565, 0.7642763806274722, 0.794769055174616, 0.9340946538684888, 0.9410814471650994, 0.9008210183146416, 0.8694797916838364, 0.8348165043053449, 0.9006522152784556, 0.9189760069221525, 0.9608614432750769, 0.9368278814923455, 0.9212046234781613, 0.9329556817263644, 0.9334891983465572, 0.9533652320925362, 0.9107612304053258, 0.9265197882219506, 0.9278778183846731, 0.9648741309526956, 0.9206915619868985, 0.9128409022359688, 0.9095737052490045, 0.952753227292219, 0.9595757272389777, 0.9627280438545499, 0.9553028333059744, 0.9447320942512103, 0.9556128225315434, 0.9681679266000898, 0.9513943599445482, 0.8259613658321996, 0.7809383058553576, 0.7255876672470438, NaN]"
FLN5A3A3,MHHHHHHASKPAPSAEHSYAEGEGLVKVADNAPAEATIAAVDTKGVARTDGGDPFEVAINGPDGLVVDAKVTDNNDGTAGVVADAPVEGNANVNVTLRGNPIKNMPIDVKVIEG,114,0.8681514272332469,"[NaN, NaN, NaN, NaN, NaN, NaN, NaN, NaN, NaN, 0.8279823595764538, 0.8729800084560423, 0.8432565978635113, 0.9692393086195598, 0.8830671124605288, 0.664944046689313, 0.5498033436372548, 0.4719740340254298, 0.6480814752612563, 0.9011287406626552, 0.9274408602055494, 0.9269908007453364, 0.9491581119087789, 0.9470714669120096, 0.9274124080797357, 0.9136980421900001, 0.8487936457733298, 0.8344345517514997, 0.8564095428099651, 0.9194318549426838, 0.9375546573816503, 0.9143547406881456, 0.9247948823876213, 0.9345122284942621, 0.9456276809196875, 0.9428924266995417, 0.9111618691325022, 0.881491445987163, 0.8797020027962015, 0.915324428791686, 0.941326587170313, 0.9354311135318157, 0.8901449478284271, 0.8855361029188159, 0.8105520734799365, 0.8616529432664296, 0.8746570546415565, 0.9470610954533689, 0.9489465668195343, 0.8297170061475444, 0.7964805526554214, 0.7637422359305835, 0.8123269255508684, 0.8395393370123141, 0.9132318499730062, 0.7344898796584941, 0.7471584987920283, 0.775675202195877, 0.946753723974656, 0.960400034369149, 0.8933589076591598, 0.8120525792933029, 0.698890019818944, 0.7124312785185192, 0.7851005557559335, 0.7658450176681473, 0.7439360772674402, 0.7512723952470691, 0.848474609184237, 0.9231860274676176, 0.9305906081514301, 0.9355533430602901, 0.9468367027198155, 0.9321981774426074, 0.961524271941779, 0.9753776159670289, 0.9296984631850721, 0.9170847451757173, 0.9055747978497708, 0.9342378889827395, 0.9599813580590584, 0.8971145998899652, 0.8798520158174079, 0.843779425734229, 0.9009852510965066, 0.8827293592986738, 0.9040217220690883, 0.9080501290140423, 0.942452639348313, 0.7437868203557383, 0.6792505893316558, 0.5593784038990927, 0.8704136619208653, 0.8507935592206652, 0.8351142105779492, 0.7990991249373787, 0.8092450312682901, 0.7859608268341544, 0.8804795213165024, NaN, 0.9913749237412979, 0.9828046232554727, 0.9828046232554727, 0.9771266674217627, 0.9668711374957618, 0.9441367879952659, 0.9268492688456542, 0.9322596009484662, 0.9360909901263167, 0.9525465072680628, 0.9306250424949479, NaN, 0.8533523326885059, 0.8533523326885059, NaN]"
NTail,MHHHHHHTTEDKISRAVGPRQAQVSFLHGDQSENELPRLGGKEDRRVKQSRGEARESYRETGPSRASDARAAHLPTGTPLDIDTASESSQDPQDSRRSADALLRLQAMAGISEEQGSDTDTPIVYNDRNLLD,132,0.8018115681583249,"[NaN, NaN, NaN, NaN, NaN, NaN, NaN, 0.8373957324919127, 0.8785987929153021, 0.8927896928072232, 0.9426628983284612, 0.932093530209173, 0.8914416876065283, 0.9051636140375678, 0.8998299873820017, 0.9182014519836489, 0.8952505015024093, 0.8886023350390828, 0.9285692916483511, 0.9504265716963007, 0.9779707511128796, 0.9866394410848166, 0.9881007034278697, 0.9468927339993759, 0.9393386978723406, 0.8990199990048723, 0.8540242142797768, 0.8533080976331087, 0.8866778272206821, 0.9449379736704835, 0.9185922328645182, 0.9015582048383747, 0.839167367345102, 0.7963596420944357, 0.7650259535123974, 0.8265842978781737, 0.893247174215475, 0.9541702697218952, 0.9246129498517779, 0.8924244563446606, 0.8450662654773509, 0.8638291881802511, 0.8945541457089206, 0.8087864167947924, 0.6914694964526039, 0.6236679802237478, 0.6883509443446655, 0.7606112041326405, 0.8498665875740136, 0.9654023326700248, 0.9772626841638452, 0.9824872890217603, 0.9871678853821277, 0.9858993212466316, 0.9382839972502205, 0.9347590654025887, 0.9300764635857026, 0.9392056232851658, 0.9300203876406175, 0.9053217996005123, 0.9241843398647115, 0.9281937674987983, 0.9649724162577674, 0.9264091853349204, 0.889660829995658, 0.8745448837446534, 0.8943940562885367, 0.913281544273431, 0.9076791320033751, 0.8494961463277705, 0.8469580222933466, 0.8520283803622175, 0.8896934902819543, 0.9091881448478104, 0.9349647524344622, 0.983591881867568, 0.9121427690982117, 0.8880679721161091, 0.8790202917600054, 0.953903453485125, 0.8560750606191303, 0.8603569575195272, 0.8022209979278075, 0.9046995745021205, 0.8979164048136591, 0.9496645485394591, 0.9446159122553902, 0.9315570395966973, 0.919868331591578, 0.7190373370020459, 0.6572060484570267, 0.5342813999334578, 0.5175881312658509, 0.4000784077266952, 0.36654562216756315, 0.22668893720262226, 0.208717950896432, 0.15103295718593543, 0.2350864037087176, 0.2425053151917977, 0.22544290611084541, 0.1412830717094628, 0.07513983735618061, 0.053477281638774264, 0.07683622903399366, 0.14642194197266478, 0.2759042203938013, 0.4458871778875311, 0.6564497654838266, 0.8090319498593141, 0.9263359451399, 0.9416770053273151, 0.9686093011798985, 0.9729520614150708, 0.9686395973108528, 0.9496864647411698, 0.9462402865188871, 0.8892274755667721, 0.8837287094734214, 0.8132934674997819, 0.8598649276671986, 0.8611678038713356, 0.9088819052911022, 0.8137539188339498, 0.7952096972066814, 0.8262592221209827, 0.9261700271900599, 0.9586318777055028, 0.9087415719404043, 0.8701585208611927, 0.8296433313253032, NaN]"
OPN,MHQDHVDSQSQEHLQQTQNDLASLQQTHYSSEENADVPEQPDFPDVPSKSQETVDDDDDDDNDSNDTDESDEVFTDFPTEAPVAPFNRGDNAGRGDSVAYGFRAKAHVVKASKIRKAARKLIEDDATTEDGDSQPAGLWWPKESREQNSRELPQHQSVENDSRPKFDSREVDGGDSKASAGVDSRESQGSVPAVDASNQTLESAEDAEDRHSIENNEVTR,220,0.8480118986793173,"[NaN, NaN, NaN, NaN, 0.5815998346860892, 0.7548458588175916, 0.9218601187862207, 0.9177349942536155, 0.8572005608076808, NaN, NaN, NaN, 0.7740960358355615, 0.7728056068844774, 0.8025070583111321, 0.8333485862656141, 0.7526291308437554, 0.7112936407554524, 0.5843278163615531, 0.35034374278682534, 0.294919844435072, 0.35339867643892453, 0.4349405383279462, 0.6302016609765871, 0.7516258581409965, 0.8695941057767964, 0.8025584754136558, 0.831804009316146, 0.829894803167703, 0.9286980291899856, 0.888238063417119, 0.8516173243106933, 0.8185191629462566, 0.8409836769394791, 0.8484332481373306, 0.7547587995034725, 0.6998113956429665, 0.7278984869640702, 0.6023988984469316, 0.6023988984469316, 0.5788012872638201, 0.6699624034354206, 0.6699624034354206, 0.5122292279921113, NaN, NaN, 0.9517995349190421, 0.9725945967847158, 0.9660233229954635, 0.9688116634386187, 0.9507410147635619, 0.9421629081531516, 0.8832768919694111, 0.8851802048635464, 0.8929999778389127, 0.9469534067147911, 0.9546593176061603, NaN, NaN, 0.0, 0.5141878228160668, 0.6129545280632572, 0.8397799141153311, 0.8633969033314159, 0.8541927228934513, 0.8143406586085613, 0.8171108475428289, 0.8378928063287293, 0.8535378088867339, 0.5611897118348506, 0.44498916611410044, 0.5023418520226057, 0.9161384339436416, 0.8945691479421055, 0.8518701022398036, 0.8558161611299584, 0.8529714839797108, 0.9377627730538194, 0.9489848686879622, 0.8204334854184693, 0.7762340877685738, 0.7787354050463, 0.8306506412330704, 0.8306506412330704, 0.818482514192132, 0.906027877326867, 0.9249469166198929, 0.9396500960836666, 0.9669704237960641, 0.9756270230799102, 0.9716666512843969, 0.9649183769877585, 0.9531964732697775, 0.9405722406265522, 0.935816573391199, 0.9178655310680496, 0.9172353828714607, 0.9038092768284163, 0.885761580879871, 0.8570866642476469, 0.882808007318925, 0.9130899898384334, 0.9190705184685297, 0.9224227446831935, 0.9153298476241317, 0.8007989360166227, 0.798649307589436, 0.811563188219455, 0.9525487658174303, 0.9693522243650626, 0.9184315180811222, 0.921625321908737, 0.9035708442680387, 0.9275693675659614, 0.9293116693649425, 0.9447878040602556, 0.9768718738598576, 0.9826046680212552, 0.9874800705417064, 0.9768885762015094, 0.9425203881575631, 0.9417268993081734, 0.9405957637639139, 0.9638156186302901, 0.9116823970404415, 0.9108780116827573, 0.9153063309956927, 0.9232393295285, 0.9193735151348723, 0.9148206998526667, 0.9158410696551643, 0.9246861565345595, 0.9100320537834118, 0.983312348570113, 0.9837175689950591, 0.9812038559276147, 0.8989460725388151, 0.8776006059131843, 0.8227114565015812, 0.8475598443363777, 0.8173239746752787, 0.8160955941003911, 0.8600651640027402, 0.896470976760296, 0.836083874039322, 0.8138997497235164, 0.806896708241339, 0.9469245150124269, 0.8957088651135325, 0.8669429823890266, 0.8531336602097844, 0.8987777702699158, 0.8723042334704966, 0.8111335589901784, 0.8943860270620685, 0.9743874660855844, 0.9649032428386598, 0.9607581783642036, 0.9595185935608711, 0.9511844553799571, 0.9491902483757377, 0.9415327572157609, 0.9560307780054554, 0.9150920098361108, 0.9369756080951201, 0.9189544668501252, 0.8825282858025026, 0.8461438103105002, 0.8105773695169459, 0.8231897506416435, 0.8493323996871174, 0.8667105644104283, 0.9002425315912777, 0.9016184551824141, 0.8977343102475436, 0.9111912022494596, 0.8959145181738101, 0.9138055697238844, 0.9153604514406166, 0.9550903846361514, 0.9543928852456633, 0.9651925637711086, 0.9175912298814098, 0.874909155418862, 0.8342116030622811, 0.860622398060678, 0.9009464894258846, 0.9520620026607289, 0.9169772949247479, 0.5962844387814833, 0.4976789198364874, 0.5336846833449795, 0.9460716694118413, 0.9513775667237928, 0.9148788581270474, 0.8610518537770644, 0.8437173825958427, 0.851737322575246, 0.8869316334159112, 0.9058180472227784, 0.885995435992083, 0.9061127102274654, 0.8615832633171384, 0.8990897968219391, 0.8774063112818652, 0.9104828387377857, 0.9174644306845977, 0.8973777187822556, 0.8798660526885753, 0.8511489863790795, 0.8134292309460188, 0.7506748830431784, 0.7617808492141673, 0.8273881043548483, 0.9163290447552093, 0.9190819887546195, 0.8997280793183734, 0.9315631142452643, 0.9315631142452643, NaN]"
PaaA2,MDYKDDDDKNRALSPMVSEFETIEQENSYNEWLRAKVATSLADPRPAIPHDEVERRMAERFAKMRKERSKQ,71,0.4321661744312655,"[NaN, 0.5500700966843379, 0.616806327031225, 0.765102077527805, 0.8409242592564234, 0.8743500209571073, 0.7221702050518847, 0.5751403226613624, 0.5104980977508675, 0.5307258722712513, 0.647208186404153, 0.7587873753020024, 0.894705185147796, 0.9183651952243507, 0.9619023403477936, 0.9290356763956421, 0.9371170352274224, 0.8689298752318263, 0.8167470257718443, 0.5933259003317535, 0.33331721202007086, 0.24343591973608303, 0.1581088633690809, 0.18958940245692418, 0.1259472849163303, 0.18995508342087938, 0.23432404079639788, 0.24596670033916068, 0.1670133129358381, 0.1403569476491207, 0.12840885206570304, 0.11711277817469033, 0.06988458420517703, 0.043574364018948056, 0.030313953249729277, 0.03206598753379677, 0.05661891541964274, 0.17961933063485658, 0.39957812328634634, 0.731170888424138, 0.84761782630959, 0.7864485312630016, 0.7430205606135438, 0.7776754378671384, 0.8990868760747371, 0.9802381036548748, 0.8195357660436788, 0.7211779743651086, 0.3831020742162761, 0.2566387391866151, 0.17943132925575864, 0.18437527270415052, 0.12359509183613973, 0.10459859055621551, 0.0724404424070178, 0.07718080054322954, 0.06251898996856171, 0.09287949032028375, 0.09040274242569228, 0.09584807328156496, 0.0732576075052537, 0.12374559130266916, 0.12205140506830936, 0.10346479920107704, 0.10321275449168493, 0.2096123142332178, 0.42064270059058456, 0.6520541166916426, 0.7687078980414433, 0.8166305165084928, NaN]"
RCFTR,GAMESAERRNSILTETLHRFSLEGDAPVSWTETKKQSFKQTGEFGEKRKNSILNPINSIRKFSIVQKTPLQMNGIEEDSDEPLERRLSLVPDSEQGEAILPRISVISTGPTLQARRRQSVLNLMTHSVNQGQNIHRKTTASTRKVSLAPQANLTELDIYSRRLSQETGLEISEEINEEDLKECLFDDME,189,0.771819113122602,"[NaN, 0.625416631534762, 0.5901837837240422, 0.6561337240123762, 0.6482192676781665, 0.6396542305405533, 0.5691487750520697, 0.4804538420833371, 0.5164489646124037, 0.6164307780243933, 0.7444587171932184, 0.7692458717035008, 0.547227689144219, 0.5370512457488315, 0.4802802367461748, 0.6689401066478122, 0.7564839946485091, 0.8999181911045907, 0.9287849698973021, 0.9353144539439935, 0.9506767634240872, 0.9393702321148975, 0.869232911409327, 0.8680609879077064, 0.7462625249115317, 0.7763404216300969, 0.7812739049907698, 0.8994635086504953, 0.8619393612429092, 0.7748893801851345, 0.8052041499609138, 0.6519030021487944, 0.7299701896149905, 0.7107614839443976, 0.9257739374100121, 0.9331791409624205, 0.9416307165122287, 0.9488421102436283, 0.9411308730515283, 0.8764381541747612, 0.8750055436016289, 0.8749606138482364, 0.9506765139776332, 0.9224009377357836, 0.9149984962122683, 0.9153292558747413, 0.9277941798412884, 0.9283736910914555, 0.9342881672661215, 0.9504928588488487, 0.955775502248568, 0.9295902768712864, 0.8565551521992149, 0.8026610300278056, 0.8119510472976397, 0.8248910529902481, 0.8610088462874432, 0.8871355904975841, 0.9461069629992147, 0.9575456275568518, 0.9314344592472822, 0.9208177141982187, 0.8982901950194669, 0.8836785292809102, 0.8442617026731203, 0.8415722259875138, 0.7583980720283863, 0.7326512981790542, 0.5865729942173392, NaN, 0.9617928462078487, 0.9586716169296089, 0.9293517677477666, 0.8166462834355891, 0.8028969662325796, 0.8313513962276399, 0.8980499411308517, 0.8363120887938839, 0.7710954760248654, 0.7957266389122859, 0.849070268467315, 0.7254759114361434, 0.6278096688051972, 0.627668588374191, 0.7341869606936557, 0.8515060207591313, 0.9070970416535016, 0.9639003740188273, 0.9069462612711295, 0.9089967269533054, 0.8578836118417895, 0.7787789691619594, 0.6793860769774535, 0.5667219113415258, 0.6124625598576328, 0.7114000636620487, 0.8556004414112055, 0.8844784456391509, 0.8730859989348941, 0.8584520324810309, 0.8553751794360955, 0.8863364109250186, 0.9273926982647459, 0.9367528021258397, 0.9422925218661112, 0.9367844162833021, 0.8314629122829089, 0.7710592907233593, 0.737586257580604, 0.8041438251639981, 0.7570359415268887, 0.6145499955889157, 0.5703923177102088, 0.5421683513005943, 0.6338988770620602, 0.6547323089285687, 0.5786914119189547, 0.54731826394784, 0.503595244052108, 0.5616505826049673, 0.6464579606483121, 0.7890090277310212, 0.9401088072737961, 0.8804961637572328, 0.7868280684554652, 0.7835943083006478, 0.8481856141985044, 0.9475799691017256, 0.9658995433615086, 0.9837122620490674, 0.9876542001112325, 0.9895972173986819, 0.968094619564179, 0.9060024676918988, 0.7536138136212654, 0.769510533070131, 0.7254918021362957, 0.8042340607793297, 0.7921571591158665, 0.8866313878075638, 0.8127169906159082, 0.8045185746237792, 0.8099070647308785, 0.9007012952792602, 0.8509279432386504, 0.7891920071279607, 0.6869394934930503, 0.7014975621371715, 0.7194901595550995, 0.8826190168114161, 0.8802564229295486, 0.9249854562246415, 0.8491824098048919, 0.8032761186748412, 0.6329939051264105, 0.5284416368957477, 0.36333918717332825, 0.2399291424587628, 0.13580767989441625, 0.18247457485493487, 0.2636019437847829, 0.4636185835114945, 0.5304986728686863, 0.5579834378558385, 0.5091481235041342, 0.4297450718107755, 0.5448377169285572, 0.6735237486056586, 0.8893136025999158, 0.7845264993447393, 0.81501733648314, 0.7467683320079995, 0.7918062394440412, 0.6676052108872195, 0.6138770852328053, 0.47398270819839633, 0.5116547550152484, 0.5785365574314592, 0.7729561860261956, 0.832868213221948, 0.822437476298957, 0.8449067856973467, 0.8595919062216623, 0.8968050586179425, 0.8683918555768194, 0.7929967275160373, 0.7371100333945014, 0.686809213580108, NaN]"
Sic1,GSMTPSTPPRSRGTRYLAQPSGNTSSSALMQGQKTPQKPSQNLVPVTPSTTKSFKNAPLLAPPNSNMGMTSPFNGLTSPQRSPFPKSSVKRT,92,0.8685581121440147,"[NaN, NaN, 0.6385810330564505, 0.7216853418190315, 0.7452977118417784, 0.8797622261044853, 0.8403291004177269, 0.8517358013851639, 0.9295373698475926, 0.9756739855789537, 0.9739781289235987, 0.9610825842530325, 0.9344365517033201, 0.9432100111718651, 0.9554758893734278, 0.9169676169695441, 0.9034888537603257, 0.8907137949524476, 0.9503068132077571, 0.9531045898207325, 0.961807473097692, 0.9582499349292508, 0.9293174732291963, 0.9430263884866491, 0.9355856228656977, 0.9448325288354866, 0.9228469657756909, 0.8887279847696905, 0.8900353493214099, 0.8872826529524744, 0.9189295146347665, 0.8919312382184041, 0.911668715576024, 0.8749266268299594, 0.8973409610296887, 0.8461829174414754, 0.8517910365717415, 0.864905124823545, 0.9057318714304639, 0.8923711433623467, 0.873270163808443, 0.8595827509822835, 0.8310642102505545, 0.8429369438745277, 0.8520600402448828, 0.7657430223420443, 0.6498986038260394, 0.6640249406557617, 0.813274112406689, 0.9403344351171631, 0.9454552269857264, 0.9003232595498623, 0.9090535959652921, 0.9044455581353331, 0.8975096273606272, 0.7556693215259264, 0.6955738943129004, 0.7501831491758314, 0.8289093331066895, 0.7538058975694205, 0.7200190613758325, 0.7878663220445057, 0.8646255143726752, 0.8920442717897709, 0.8786702388850732, 0.8745955578854056, 0.8687333758052926, 0.8578939656945531, 0.9534512456899892, 0.9102710741045641, 0.872876620896234, 0.8697862450067926, 0.8249600369937551, 0.720368293106622, 0.6998694465189181, 0.7322000757219684, 0.866432427189834, 0.8618900038868015, 0.8724376873085918, 0.9156349086202371, 0.9156196747313344, 0.9115071611059627, 0.8698824072738103, 0.8681744312763867, 0.8920034574400051, 0.9187925746203719, 0.9232944893250934, 0.9470906745469456, 0.90699623053735, 0.9074457256305188, 0.880261765867214, NaN]"
Tau,MAEPRQEFEVMEDHAGTYGLGDRKDQGGYTMHQDQEGDTDAGLKESPLQTPTEDGSEEPGSETSDAKSTPTAEDVTAPLVDEGAPGKQAAAQPHTEIPEGTTAEEAGIGDTPSLEDEAAGHVTQARMVSKSKDGTGSDDKKAKGADGKTKIATPRGAAPPGQKGQANATRIPAKTPPAPKTPPSSGEPPKSGDRSGYSSPGSPGTPGSRSRTPSLPTPPTREPKKVAVVRTPPKSPSSAKSRLQTAPVPMPDLKNVKSKIGSTENLKHQPGGGKVQIINKKLDLSNVQSKCGSKDNIKHVPGGGSVQIVYKPVDLSKVTSKCGSLGNIHHKPGGGQVEVKSEKLDFKDRVQSKIGSLDNITHVPGGGNKKIETHKLTFRENAKAKTDHGAEIVYKSPVVSGDTSPRHLSNVSSTGSIDMVDSPQLATLADEVSASLAKQGL,441,0.8593565564829412,"[NaN, 0.8896086675261852, 0.9030047602375999, 0.8736520548732943, 0.8335674363949309, 0.8271437676454313, 0.7740284509150654, 0.8280094259319093, 0.8330280411654627, 0.9248027630600993, 0.9224498896036839, 0.9312560436199504, 0.8976373206130912, 0.8788137124254765, 0.8569346748959553, 0.8679006569539357, 0.8890222105364213, 0.9068519779838651, 0.964691315012726, 0.9729354556669192, 0.9733398717442868, 0.9591025765454259, 0.9375693447675422, 0.9059747082806301, 0.9099432392087861, 0.9126622809073486, 0.9558341666704349, 0.9440577394979743, 0.9096517227552554, 0.8725525526961718, 0.7901758052881614, 0.8093416457745193, 0.8430125727140916, 0.8725943093777463, 0.8914041103589891, 0.8778098628849634, 0.9538032915472416, 0.9621956017015372, 0.9655541620033398, 0.9581649566637758, 0.9509874639587312, 0.9449934585466032, 0.90923406095853, 0.9112379240602592, 0.9083740545816287, 0.9440120503653616, 0.9274646763352113, 0.8930712991533359, 0.7802269038466998, 0.7870060430977663, 0.8305639096688638, 0.9434821755744937, 0.9477395975922007, 0.9351544976020725, 0.9087228162421274, 0.881100876779252, 0.8888323224265374, 0.9195084497183003, 0.9340448885715936, 0.9476211650844526, 0.9466376526542382, 0.9332685416669259, 0.9287419362759434, 0.9540128712487954, 0.9793911839934201, 0.9389421013569305, 0.9178461774838657, 0.8302101291767898, 0.8447253144118764, 0.8038926399123919, 0.8944479235189607, 0.9242141308620111, 0.975524651351069, 0.9068138911459954, 0.8983901302876286, 0.7685105391451994, 0.8053569005773472, 0.8126448297527653, 0.9226766814969767, 0.9286944568750058, 0.8273360531689524, 0.8473639779823392, 0.6219868385379711, 0.6604042387831865, 0.660437703486463, 0.9138194814783384, 0.960968961372231, 0.9679072626750416, 0.9351244330075652, 0.9184019882493208, 0.8951719927518986, 0.9150371283425611, 0.8919284758614185, 0.8557873244014238, 0.8807660270821837, 0.8171350003493876, 0.8522041589679756, 0.8290551852403142, 0.9232926651633395, 0.8482696367818501, 0.8446815640761539, 0.8431122955932414, 0.9178730354614999, 0.9416985257492416, 0.9593991906721433, 0.9657886531909878, 0.9347609474729679, 0.9198126459625805, 0.903079245383242, 0.8513086344577794, 0.8352376818963934, 0.7701664532197565, 0.7209689626272758, 0.6895246735881886, 0.6765539258606447, 0.5475296861412868, 0.4985736605170905, 0.43687844238121143, 0.5517669047291137, 0.6458707316855079, 0.7467354587295519, 0.7491765807685757, 0.7503167634025107, 0.8176595087403811, 0.8982725753158152, 0.9489063091705011, 0.9663199565489247, 0.9752710501588768, 0.9747524926223317, 0.9684856196846705, 0.9372780521245003, 0.9114680007064901, 0.9035660072330038, 0.8850755784766937, 0.8926547927148949, 0.9153971059097289, 0.9715728720005828, 0.9466211119723855, 0.8711399061003517, 0.7228575762939035, 0.6704321379272102, 0.7072206347853206, 0.8185296758359681, 0.8832543155368118, 0.8861354304707456, 0.8961451616750069, 0.9297905799824684, 0.9079883628621017, 0.8860851629916303, 0.8645386819577556, 0.899488263671524, 0.8046431873856322, 0.8087402430134497, 0.8188158438235151, 0.9214869962898715, 0.9238967875896773, 0.7604841787697756, 0.7863372993217788, 0.7896353157441321, 0.9524093442698023, 0.9690682654908287, 0.9742650596061502, 0.9727604175766253, 0.9733459125404305, 0.9624927320290192, 0.9645562253848068, 0.9523872160073625, 0.9284191094642126, 0.92700601613082, 0.8540356509672553, 0.8541543438812708, 0.8374388147515708, 0.9260616680570589, 0.7996743204871085, 0.7841660142648245, 0.7646569799845809, 0.8055754222667283, 0.8102168243580967, 0.8250224062822109, 0.8435544120810002, 0.8503551692795492, 0.8376625133226293, 0.947188729462685, 0.9463175952476924, 0.9520471923566357, 0.9431509653236402, 0.9224743474408247, 0.9311721818081776, 0.9419692690411264, 0.9680007867350912, 0.9673093875176286, 0.9353824319560227, 0.8791859983210323, 0.8421176297420216, 0.8543490235236472, 0.8901766943203974, 0.9011381675016015, 0.9051110619393958, 0.9334863052499806, 0.9806385250621187, 0.9075937477185684, 0.90490702971055, 0.9016324416143133, 0.94030917932901, 0.9055459210836734, 0.9034627184684207, 0.9028991352224018, 0.9316870174722817, 0.9292951353036081, 0.9611258568300663, 0.8886824638886683, 0.8897862175281783, 0.881407120233867, 0.9706581731328237, 0.9668276794431769, 0.7570454385455837, 0.6931871731212335, 0.6818675191909525, 0.8803260147082151, 0.9063077503717865, 0.9157164181891124, 0.9145018177919981, 0.952561809972741, 0.951412644907723, 0.9358298091481377, 0.930702598223683, 0.9110776309541407, 0.8432739070944826, 0.8351278287855661, 0.7516496049796233, 0.8003722470702364, 0.7752487073106785, 0.9093787588933379, 0.9216853952679872, 0.9405979427684864, 0.947897480411028, 0.9649168256584514, 0.960851985274449, 0.9371757335851003, 0.9103091186294282, 0.9261352688754495, 0.9349916295273888, 0.9482504422329561, 0.9503056315641675, 0.8384758265261057, 0.8438934611811814, 0.7579750900085158, 0.846007944374851, 0.8131565706191245, 0.8841382279238097, 0.8691476339696455, 0.8202360944935796, 0.6980417428877296, 0.645855606839541, 0.670428317371675, 0.8056550612442357, 0.8820609127808656, 0.9478065531220894, 0.9493715210311281, 0.9821115435022346, 0.9396399395356908, 0.8932920619496003, 0.8889064588344673, 0.913114041049899, 0.9544720127985115, 0.9397434387641755, 0.8175881777304173, 0.714343786037527, 0.7148778688972128, 0.8153237237418762, 0.9498662867167708, 0.9546842874419996, 0.9698958559334764, 0.9668807580994617, 0.9225497904457266, 0.844081074304774, 0.7792618710705977, 0.8015262931831691, 0.8567390696020483, 0.9169920479653596, 0.8918701171987732, 0.8529720580040282, 0.6478127382571877, 0.5449727386407766, 0.5685239653680979, 0.7277733351926491, 0.8853248356503147, 0.8817658665588249, 0.9218762853741508, 0.9225087586695837, 0.9496540324756525, 0.9171693649907716, 0.915697642574115, 0.9111886936763529, 0.9164483123803376, 0.8928908154795463, 0.8881306034573332, 0.8659002952294158, 0.8302388277523882, 0.7935532138443241, 0.8187592877527543, 0.8981548639107398, 0.9650480830317683, 0.9360791657302591, 0.9185188042830972, 0.8800890993486684, 0.8317651390684756, 0.7815103653291464, 0.6729444208393341, 0.6834995505890286, 0.6839661438011113, 0.7664995241531014, 0.7006425533016811, 0.48717432708382535, 0.37572526858479777, 0.32266758137688345, 0.4345277301573668, 0.6064720004133578, 0.7811426202583736, 0.9290430506941595, 0.9243678862015641, 0.9517581174560558, 0.9293283896066704, 0.9511708765004387, 0.9547261273190221, 0.976007324189454, 0.9171342236153903, 0.7317471487929875, 0.6062494359947684, 0.6264408828565441, 0.777192629364387, 0.9239624779248777, 0.9415735588377042, 0.9496166393194089, 0.9591087306276657, 0.9688441001218574, 0.9406998886003111, 0.8457217885763174, 0.8214414233652321, 0.8443189492200598, 0.8983866081025941, 0.9127017424862951, 0.8900517700651027, 0.8775856125862068, 0.6966307061239918, 0.5737113816251918, 0.5495661126464922, 0.6349104811540325, 0.7734779406091555, 0.8458293340387675, 0.9309811299184574, 0.9527178367668773, 0.9731903523566989, 0.979700580714661, 0.9557881527618897, 0.9364660750628111, 0.940109631187235, 0.9425124613095868, 0.8802640360930111, 0.8666049744952956, 0.8709569109739895, 0.9001067020665761, 0.8690910508175274, 0.8637688106491266, 0.9096465858892948, 0.9629160299486559, 0.9740769733431875, 0.9729339643193061, 0.9727786266790972, 0.9529202872170975, 0.9018687139560616, 0.8449997004614557, 0.7886152557021301, 0.7906330620820636, 0.8461950009718124, 0.8948646413620133, 0.9254457645072456, 0.9258172876729721, 0.9465339024809688, 0.9606648412984019, 0.9630227020089048, 0.9721133384538921, 0.958567813743935, 0.9514078604373724, 0.9172569686838469, 0.9261031769848208, 0.8518698370963511, 0.870555518139933, 0.8599039836090445, 0.9466070385935205, 0.886057473269729, 0.879488709617002, 0.7706523361035558, 0.7583444141184363, 0.7185549392413823, 0.7994037576269695, 0.8678526325583902, 0.938164257339758, 0.9470807223685968, 0.9594983468383481, 0.9634991951737957, 0.9172782338522332, 0.8747139537424418, 0.846428120435331, 0.8750011188270417, 0.9248675133221246, 0.8679810652276438, 0.8751157525334846, 0.8917209285615679, 0.7912121067430526, 0.791341897471332, 0.7923255817876956, 0.9236411245220919, 0.9349112934051769, 0.9077139225065941, 0.8738479539438085, 0.8765521392874646, 0.8706490720554098, 0.9295011039881549, 0.8919213984472449, 0.8379255251124361, 0.8351190768489449, 0.8747237884828841, 0.9627314588920791, 0.9726119494843756, 0.95193019206446, 0.9493140615028873, 0.882365239007271, 0.8590101111638978, 0.6483486745256712, 0.43518607446910856, 0.21474370358624786, 0.18780020457180224, 0.22054994007534462, 0.3688128676254181, 0.4708719247292814, 0.6011950253468432, 0.705446750621774, 0.7857124596601989, 0.8267347645821593, NaN]"
aSyn,MDVFMKGLSKAKEGVVAAAEKTKQGVAEAAGKTKEGVLYVGSKTKEGVVHGVATVAEKTKEQVTNVGGAVVTGVTAVAQKTVEGAGSIAAATGFVKKDQLGKNEEGAPQEGILEDMPVDPDNEAYEMPSEEGYQDYEPEA,140,0.8412956998851344,"[NaN, NaN, 0.7358058174800929, 0.6970197742668962, 0.7589780467952425, 0.7487568206153865, 0.8542759059731725, 0.8060115580693797, 0.688304436846981, 0.7036148461524337, 0.7995266495356437, 0.9581403299553412, 0.9463630320854286, 0.8577019960744824, 0.8295003210837371, 0.8194698252020318, 0.8687108237869452, 0.8738789957765558, 0.8637222409294816, 0.837164319677339, 0.7755783934962429, 0.7664994844113266, 0.7933604993947131, 0.8689810829891018, 0.8086962414595267, 0.7352298197461666, 0.7340536072420691, 0.8294992427182425, 0.9317564475677578, 0.9635271533472427, 0.9288665333623243, 0.8806017441789006, 0.8724672010204872, 0.906837778655756, 0.9543831287390715, 0.970491851973891, 0.9711569442146276, 0.8967339465373733, 0.8454620954286722, 0.8158555859046173, 0.8550161406090894, 0.9062410894118351, 0.8403913153091268, 0.8390958763765032, 0.868370697884122, 0.8980735074703496, 0.9237567602985687, 0.9140183287974311, 0.8162576543623568, 0.7303836316506326, 0.7290120534747045, 0.8324253468827459, 0.8719295421934149, 0.882577487154246, 0.8845531593982033, 0.9517821084877841, 0.944110226701736, 0.8947998693333512, 0.8677142703551516, 0.8060959024895152, 0.8562200732721834, 0.8533633334169506, 0.9233133569976036, 0.8990019431111177, 0.9190419762873355, 0.9353843008700068, 0.922096581478501, 0.9441345873435802, 0.9177309856405217, 0.8904655535862157, 0.8673998835134094, 0.8558104628234134, 0.9016563913360477, 0.8671546655609261, 0.893425605136928, 0.8986026970494494, 0.9506735864096373, 0.9517032776475992, 0.9372301220240828, 0.8964864772970482, 0.8985970892811264, 0.915831420192122, 0.9703968915615155, 0.9757204642219154, 0.9779436715965862, 0.8477806338157735, 0.8267338039664655, 0.8321032277281333, 0.9233591157690546, 0.9526242236995518, 0.900545906107613, 0.9197680644856542, 0.91170662452343, 0.8689404060696068, 0.8534951752728345, 0.8187759071673445, 0.8997762723292757, 0.9084197286549158, 0.9216196120885382, 0.924295228122742, 0.934989708803309, 0.9438085669482, 0.9474127431727747, 0.9467914033222055, 0.9597419189617581, 0.7904841155143508, 0.700806020296368, 0.6214823556199576, 0.7987659330881409, 0.8331596906974307, 0.9324587016108399, 0.9142287685928784, 0.8649528805002515, 0.8527134008031052, 0.8712609690613387, 0.9199800960145563, 0.9258592354580631, 0.658975691192708, 0.658975691192708, 0.6022807492654139, 0.5654864696188114, 0.6514604824081841, 0.666920409260246, 0.7521883601588882, 0.6081537366225623, 0.5934724792058258, 0.5898137890105816, 0.6779088892771673, 0.7407061277859975, 0.8091418447884732, 0.9358025848637082, 0.9183571070180891, 0.7958289929015419, 0.7576689815729922, 0.7084190173588064, 0.5476911026797606, 0.45339226400919214, 0.5427809062995952, 0.9802698805143123, NaN]"
d131d,ATSTLIKAIDGDTVKLMYKGQPMTFRLLLVDTPETKHPKKGVEKYGPEASAFTKKMVENAKKIEVEFDKGQRTDKYGRGLAYIYADGKMVNEALVRQGLAKVAYVYKPNNTHEQHLRKSEAQAKKEKLNIW,131,0.6743148506516147,"[NaN, 0.8461450729855132, 0.8094172636727538, 0.8348362193575042, 0.6889827145566614, 0.6370662803881976, 0.6044437957232159, 0.7159129974805406, 0.8454198363918242, 0.9334261877318908, 0.8904891431696002, 0.9093817098347291, 0.819475875321139, 0.8192496994978479, 0.671453746596564, 0.11766212946502974, 0.21399491420609829, 0.15325036724306582, 0.3117837211566028, 0.2589541353064652, 0.2589541353064652, 0.32966342752306116, 0.5820908750289884, 0.6492410446588333, 0.8867365920424661, 0.8876776252947696, 0.8642723041120812, 0.40065929812517326, 0.5585399773007895, 0.6717370277769775, 0.7360136442646168, 0.7646431233445077, 0.7327296159609403, 0.8322473844500924, 0.7923058700008675, 0.6480015313494626, 0.6479798989285379, 0.6873759416824626, 0.8230302344521669, 0.8180691866310426, 0.7276608091990246, 0.7205636831632747, 0.7975802141676782, 0.7859206464823205, 0.810646204126764, 0.7629959758136237, 0.8011626834687766, 0.7197116014259186, 0.763021040552422, 0.7991031298609053, 0.8767858080012585, 0.7960387833319794, 0.8215316615082678, 0.8194791545364148, 0.9016088596038476, 0.9045498389502931, 0.9259906708269744, 0.9033698019368397, 0.8949229714183313, 0.8212459233096797, 0.6997472306885334, 0.4836612819315974, 0.4765912104900838, 0.4581149392173321, 0.6578847731237494, 0.6890494426539835, 0.8191476827534485, 0.7656406301342055, 0.7993839022517607, 0.7950434438805869, 0.8605535903695078, 0.6888431881716132, 0.5727774442436813, 0.5401705475716879, 0.5630610053114454, 0.5298423791635549, 0.5120911568057219, 0.605619187892732, 0.7971800964355436, 0.8615806172845029, 0.7641737451638476, 0.7391106609752138, 0.6842400185278572, 0.7229238268208663, 0.7606216420066338, 0.8055345829829438, 0.78179674677976, 0.7098324910848235, 0.6479061247603385, 0.7009587546471425, 0.5472211112021248, 0.4424302391156035, 0.22895699442039827, 0.2371246304812098, 0.21253665557277218, 0.318658210962524, 0.33320214672706006, 0.6381432000134037, 0.6701718306837887, 0.8121345780846301, 0.7963282417879503, 0.870764880518345, 0.6879691853485527, 0.4759095166887808, 0.33977591238344057, 0.2832840052877589, 0.3618167805990083, 0.5734734518629655, 0.8660495854921705, 0.8716855447473978, 0.7588033679586741, 0.7257566304740886, 0.7074630013676035, 0.7694309844146578, 0.8304213712972802, 0.8868409978757886, 0.8529418790237265, 0.8615825114015949, 0.729633187458248, 0.6576279926103423, 0.5496229497183768, 0.5673714278074334, 0.5296630514643051, 0.5251308062119198, 0.5867821527018017, 0.7028103561235807, 0.7850394694088157, 0.8238172876720197, 0.5736577418596245, 0.4942955110996763, NaN]"
drkN,MEAIAKHDFSATADDELSFRKTQILKILNMEDDSNWYRAELDGKEGLIPSNYIEMKNHD,59,0.5966012301856788,"[NaN, NaN, 0.5566619802628686, 0.5926992685680007, 0.4247014867975892, 0.35677763756660935, 0.38868817626947494, 0.5921162262301984, 0.7571711947444874, 0.7745680616790145, 0.7971813808356024, 0.7646199221239166, 0.6850460852433082, 0.6694543829913682, 0.5335849336499615, 0.36481016975486447, 0.215679361223179, 0.16964419855431476, 0.1294440742655237, 0.12098106553002186, 0.10731487715519532, 0.132862044495418, 0.18195639755715182, 0.3325627638281612, 0.5543307944707048, 0.6459809729783988, 0.6037993464288163, 0.611904953175258, 0.6544024564125689, 0.7715699937385475, 0.7290394021540066, 0.7613056539891809, 0.6242208987206692, 0.5742232631208511, 0.6226811476053583, 0.5727645054952702, 0.6527574400770197, 0.5685578262797124, 0.7212171750806136, 0.7310610228135801, 0.8674489956099375, 0.8782279677214374, 0.9204903215837331, 0.8842529060539299, 0.8684240248997273, 0.8928306043060655, 0.8543623044162864, 0.8593917096821215, 0.7739221774976763, 0.7049756194285656, 0.6490101095635552, 0.6475998620900395, 0.7124651046285813, 0.6429895896281963, 0.5753656750690834, 0.5062039279616395, 0.5267642182049652, NaN, NaN]"
p15PAF,VRTKADSVPGTYRKVVAARAPRKVLGSSTSATNSTSVSSRKAENKYAGGNPVCVRPTPKWQKGIGEFFRLSPKDSEKENQIPEEAGSSGLGKAKRKACPLQPDHTNDEKE,110,0.8790107117854136,"[NaN, 0.641850857622911, 0.7285909381802432, 0.7773384300642172, 0.934497270239187, 0.955421133155295, 0.8914803493832816, 0.8862689642434847, 0.8670839363994315, 0.9019044073861204, 0.9186830561752795, 0.9084409835875441, 0.921147126578932, 0.8784865288851965, 0.8794193697834545, 0.8988969041153425, 0.9240652845432314, 0.9339230258233315, 0.8111914835857472, 0.7772109343400918, 0.7810716526704496, 0.8945658315137253, 0.8708625718699253, 0.8544869963818661, 0.8595933917113768, 0.9169866682004556, 0.9570813601419145, 0.9498450971247051, 0.9716246981859946, 0.9670793787618288, 0.9844298969112554, 0.9764149442907473, 0.9718398800235535, 0.9643573365026407, 0.9591446643698299, 0.9274369670343955, 0.9030587369598773, 0.9089341104793272, 0.9410100415317374, 0.9701138437972937, 0.9728900472439239, 0.96426798911742, 0.9253990783928115, 0.9022428392637166, 0.8961964029667913, 0.9219965956764633, 0.9237870995303062, 0.935392228842011, 0.9107364887956662, 0.927581212696317, 0.9157963600030598, 0.9410816831819356, 0.9339656754357647, 0.9564376145353535, 0.9440843305428488, 0.7547142626276683, 0.7131273067124214, 0.7432338953552591, 0.8871532524975947, 0.774851159537578, 0.6828464417971497, 0.6980159539917916, 0.8011448806114071, 0.9001929245522071, 0.8686539846081692, 0.8708766632168837, 0.8716288129649596, 0.8845976517647678, 0.911759769781374, 0.9273621313690545, 0.9121084261769391, 0.843876571742317, 0.7530969729623664, 0.7389516432040791, 0.7631493461421789, 0.7818553262380311, 0.8060640306922935, 0.8304057623765198, 0.8920062283158828, 0.8028329422858924, 0.7816159001607685, 0.8088988077460686, 0.9484618623357491, 0.9475094715270195, 0.9183266351514175, 0.915134212543966, 0.9347684178885017, 0.9406997987963109, 0.9235507306473816, 0.8639003137306751, 0.8858801876287823, 0.8771562893653267, 0.934350275908422, 0.9360656654457833, 0.9657299797170196, 0.9634302749165615, 0.9394441830965041, 0.9343484174134122, 0.9160802079245393, 0.9120202276635746, 0.9191498386784529, 0.91623596579548, 0.8347909531823944, 0.7452371688642501, 0.7110629763020528, 0.7833688980517951, 0.8125019172217877, 0.825393511847385, 0.7858427429688816, NaN]"
p53NTD,GSMEEPQSDPSVEPPLSQETFSDLWKLLPENNVLSPLPSQAMDDLMLSPDDIEQWFTEDPGPDEAPRMPEAAPRVAPAPAAPTPAAPAPAPSWPLSSSVPSQ,102,0.7698581307180943,"[NaN, 0.8543203795753618, 0.883091218979618, 0.848015601373944, 0.8986676454657555, 0.8927027546022623, 0.8971532903143192, 0.7750252277106813, 0.7448588429149164, 0.7307161816509783, 0.6773102342350769, 0.6921224811964064, 0.6376158003014255, 0.8026131134851541, 0.8179249062319955, 0.9228188854093112, 0.8611715779282366, 0.7805340346862886, 0.7527628910511622, 0.7319445446138074, 0.6682842126724607, 0.5932633606900924, 0.4276998940969663, 0.31320582294392924, 0.19184643694728243, 0.25839093339786384, 0.3408500529486594, 0.5546380114941428, 0.557042579892796, 0.6992832830243924, 0.7380482680215724, 0.8870574391259356, 0.9370005683243303, 0.9500596450671815, 0.93579529020655, 0.8952227446075401, 0.9194850755416278, 0.9352877550828489, 0.9623237004730252, 0.9044900019123487, 0.890166625644877, 0.8602990976581972, 0.8956382757565354, 0.8976758455319465, 0.9000301285848132, 0.8893946152018337, 0.7431660375493132, 0.7286545669555031, 0.6707126694607849, 0.7442255275144952, 0.6551478561917228, 0.6339012108172432, 0.6811770655074105, 0.7714580099525807, 0.8561928866130806, 0.7694389880318555, 0.745401152248887, 0.7052205822389581, 0.8103351031779519, 0.8734021326219803, 0.7845215967641691, 0.736537608761223, 0.6689350126115626, 0.7081665507971371, 0.7296843401292654, 0.7835202106940258, 0.8604530773757321, 0.8623417136839701, 0.900884156413092, 0.9430731752606919, 0.8581570851929509, 0.8434017044076587, 0.813248330025119, 0.8926594800099091, 0.6867485127874744, 0.6879900052331553, 0.6322088168489802, 0.8230960153084709, 0.8262136292316188, 0.805973025669456, 0.8257433592466197, 0.7437231830647587, 0.8179721938375047, 0.8198262615706272, 0.8109958694406203, 0.8304140152719763, 0.7461585507746138, 0.8311539911340433, 0.7144537523473742, 0.7120094064788598, 0.7186684219909762, 0.7821063756316551, 0.7917282280242491, 0.6038420602711583, 0.6373145860908555, 0.6524601077993433, 0.945811745806352, 0.844284010495978, 0.8794922427329002, 0.8838042470275835, 0.9537533501074973, NaN]"
